code_module,code_presentation,id_student,id_site,activity_type,week_from,week_to,date,sum_click
AAA,2013J,401869,546652,forumng,,,-10,3
AAA,2013J,401869,546652,forumng,,,-10,2
AAA,2013J,401869,546652,forumng,,,-9,1
AAA,2013J,401869,546652,forumng,,,-9,5
AAA,2013J,401869,546652,forumng,,,-9,3
AAA,2013J,401869,546652,forumng,,,-6,7
AAA,2013J,401869,546652,forumng,,,-6,7
AAA,2013J,401869,546652,forumng,,,-4,7
AAA,2013J,401869,546652,forumng,,,-4,8
AAA,2013J,401869,546654,forumng,,,5,6
AAA,2013J,401869,546654,forumng,,,5,2
AAA,2013J,401869,546654,forumng,,,5,5
AAA,2013J,401869,546657,forumng,,,5,1
AAA,2013J,401869,546657,forumng,,,5,2
AAA,2013J,401869,546654,forumng,,,6,1
AAA,2013J,401869,546654,forumng,,,6,1
AAA,2013J,401869,546654,forumng,,,8,1
AAA,2013J,401869,546657,forumng,,,8,1
AAA,2013J,401869,546657,forumng,,,8,1
AAA,2013J,401869,546657,forumng,,,10,2
AAA,2013J,401869,546654,forumng,,,10,1
AAA,2013J,401869,546657,forumng,,,10,1
AAA,2013J,401869,546654,forumng,,,15,1
AAA,2013J,401869,546654,forumng,,,15,3
AAA,2013J,401869,546657,forumng,,,16,3
AAA,2013J,401869,546657,forumng,,,16,6
AAA,2013J,401869,546657,forumng,,,17,4
AAA,2013J,401869,546657,forumng,,,17,3
AAA,2013J,401869,546650,forumng,,,22,1
AAA,2013J,401869,546650,forumng,,,22,1
AAA,2013J,401869,546654,forumng,,,27,2
AAA,2013J,401869,546654,forumng,,,27,3
AAA,2013J,401869,546654,forumng,,,33,1
AAA,2013J,401869,546654,forumng,,,33,1
AAA,2013J,401869,546654,forumng,,,40,1
AAA,2013J,401869,546654,forumng,,,43,1
AAA,2013J,401869,546654,forumng,,,43,2
AAA,2013J,401869,546657,forumng,,,47,2
AAA,2013J,401869,546657,forumng,,,47,1
AAA,2013J,401869,546657,forumng,,,49,2
AAA,2013J,401869,546657,forumng,,,49,2
AAA,2013J,401869,546654,forumng,,,55,1
AAA,2013J,401869,546654,forumng,,,55,1
AAA,2013J,401869,546655,forumng,,,57,1
AAA,2013J,401869,546655,forumng,,,57,1
AAA,2013J,401869,546654,forumng,,,58,1
AAA,2013J,401869,546654,forumng,,,58,1
AAA,2013J,401869,546654,forumng,,,60,1
AAA,2013J,401869,546654,forumng,,,60,1
AAA,2013J,401869,546654,forumng,,,65,1
AAA,2013J,401869,546654,forumng,,,65,1
AAA,2013J,401869,546654,forumng,,,72,1
AAA,2013J,401869,546654,forumng,,,72,1
AAA,2013J,401869,546654,forumng,,,84,1
AAA,2013J,401869,546655,forumng,,,99,1
AAA,2013J,401869,546655,forumng,,,99,1
AAA,2013J,401869,546655,forumng,,,113,2
AAA,2013J,401869,546655,forumng,,,113,2
AAA,2013J,401869,546650,forumng,,,115,1
AAA,2013J,401869,546655,forumng,,,115,1
AAA,2013J,401869,546655,forumng,,,115,1
AAA,2013J,401869,546655,forumng,,,124,2
AAA,2013J,401869,546655,forumng,,,124,4
AAA,2013J,401869,546654,forumng,,,156,1
AAA,2013J,401869,546654,forumng,,,156,1
AAA,2013J,401869,546654,forumng,,,165,1
AAA,2013J,401869,546654,forumng,,,165,1
AAA,2013J,401869,546654,forumng,,,172,1
AAA,2013J,401869,546654,forumng,,,172,2
AAA,2013J,401869,546649,forumng,,,175,1
AAA,2013J,401869,546656,forumng,,,205,1
AAA,2013J,401869,546658,forumng,,,205,1
AAA,2013J,401869,546658,forumng,,,205,3
AAA,2013J,401869,546656,forumng,,,205,1
AAA,2013J,401869,546649,forumng,,,205,1
AAA,2013J,401869,546656,forumng,,,208,3
AAA,2013J,401869,546656,forumng,,,208,1
AAA,2013J,401869,546644,forumng,,,221,1
AAA,2013J,401869,546644,forumng,,,221,1
AAA,2013J,401869,546644,forumng,,,222,1
AAA,2013J,401869,546644,forumng,,,222,1
AAA,2013J,401869,546654,forumng,,,225,1
AAA,2013J,401869,546654,forumng,,,225,1
AAA,2013J,401869,546644,forumng,,,228,1
AAA,2013J,401869,546644,forumng,,,228,2
AAA,2013J,401869,546644,forumng,,,235,1
AAA,2013J,401869,546644,forumng,,,235,1
AAA,2013J,401869,546654,forumng,,,245,1
AAA,2013J,401869,546650,forumng,,,245,4
AAA,2013J,401869,546650,forumng,,,245,1
AAA,2013J,401869,546654,forumng,,,245,1
AAA,2013J,401869,546650,forumng,,,253,6
AAA,2013J,401869,546650,forumng,,,253,1
AAA,2013J,401869,546660,glossary,,,38,2
AAA,2013J,401869,546614,homepage,,,-10,7
AAA,2013J,401869,546614,homepage,,,-9,10
AAA,2013J,401869,546614,homepage,,,-6,8
AAA,2013J,401869,546614,homepage,,,-4,3
AAA,2013J,401869,546614,homepage,,,2,7
AAA,2013J,401869,546614,homepage,,,3,2
AAA,2013J,401869,546614,homepage,,,5,9
AAA,2013J,401869,546614,homepage,,,6,1
AAA,2013J,401869,546614,homepage,,,8,2
AAA,2013J,401869,546614,homepage,,,10,6
AAA,2013J,401869,546614,homepage,,,11,2
AAA,2013J,401869,546614,homepage,,,12,1
AAA,2013J,401869,546614,homepage,,,15,13
AAA,2013J,401869,546614,homepage,,,16,5
AAA,2013J,401869,546614,homepage,,,17,10
AAA,2013J,401869,546614,homepage,,,18,5
AAA,2013J,401869,546614,homepage,,,19,8
AAA,2013J,401869,546614,homepage,,,20,1
AAA,2013J,401869,546614,homepage,,,22,2
AAA,2013J,401869,546614,homepage,,,27,3
AAA,2013J,401869,546614,homepage,,,31,7
AAA,2013J,401869,546614,homepage,,,32,1
AAA,2013J,401869,546614,homepage,,,33,10
AAA,2013J,401869,546614,homepage,,,35,1
AAA,2013J,401869,546614,homepage,,,38,4
AAA,2013J,401869,546614,homepage,,,39,1
AAA,2013J,401869,546614,homepage,,,40,1
AAA,2013J,401869,546614,homepage,,,43,1
AAA,2013J,401869,546614,homepage,,,47,5
AAA,2013J,401869,546614,homepage,,,49,2
AAA,2013J,401869,546614,homepage,,,53,1
AAA,2013J,401869,546614,homepage,,,55,2
AAA,2013J,401869,546614,homepage,,,57,2
AAA,2013J,401869,546614,homepage,,,58,2
AAA,2013J,401869,546614,homepage,,,60,1
AAA,2013J,401869,546614,homepage,,,65,1
AAA,2013J,401869,546614,homepage,,,72,1
AAA,2013J,401869,546614,homepage,,,84,1
AAA,2013J,401869,546614,homepage,,,86,1
AAA,2013J,401869,546614,homepage,,,87,1
AAA,2013J,401869,546614,homepage,,,88,2
AAA,2013J,401869,546614,homepage,,,92,1
AAA,2013J,401869,546614,homepage,,,97,3
AAA,2013J,401869,546614,homepage,,,99,2
AAA,2013J,401869,546614,homepage,,,105,2
AAA,2013J,401869,546614,homepage,,,109,1
AAA,2013J,401869,546614,homepage,,,111,1
AAA,2013J,401869,546614,homepage,,,113,2
AAA,2013J,401869,546614,homepage,,,114,1
AAA,2013J,401869,546614,homepage,,,115,2
AAA,2013J,401869,546614,homepage,,,117,1
AAA,2013J,401869,546614,homepage,,,123,1
AAA,2013J,401869,546614,homepage,,,124,3
AAA,2013J,401869,546614,homepage,,,125,3
AAA,2013J,401869,546614,homepage,,,126,1
AAA,2013J,401869,546614,homepage,,,135,2
AAA,2013J,401869,546614,homepage,,,141,1
AAA,2013J,401869,546614,homepage,,,144,1
AAA,2013J,401869,546614,homepage,,,156,2
AAA,2013J,401869,546614,homepage,,,165,1
AAA,2013J,401869,546614,homepage,,,170,2
AAA,2013J,401869,546614,homepage,,,171,3
AAA,2013J,401869,546614,homepage,,,172,2
AAA,2013J,401869,546614,homepage,,,173,4
AAA,2013J,401869,546614,homepage,,,205,4
AAA,2013J,401869,546614,homepage,,,208,6
AAA,2013J,401869,546614,homepage,,,209,1
AAA,2013J,401869,546614,homepage,,,215,6
AAA,2013J,401869,546614,homepage,,,221,1
AAA,2013J,401869,546614,homepage,,,222,4
AAA,2013J,401869,546614,homepage,,,225,2
AAA,2013J,401869,546614,homepage,,,228,7
AAA,2013J,401869,546614,homepage,,,235,1
AAA,2013J,401869,546614,homepage,,,236,1
AAA,2013J,401869,546614,homepage,,,240,1
AAA,2013J,401869,546614,homepage,,,241,1
AAA,2013J,401869,546614,homepage,,,242,3
AAA,2013J,401869,546614,homepage,,,244,2
AAA,2013J,401869,546614,homepage,,,245,2
AAA,2013J,401869,546614,homepage,,,250,1
AAA,2013J,401869,546614,homepage,,,253,2
AAA,2013J,401869,546672,oucontent,,,-10,1
AAA,2013J,401869,546738,oucontent,,,-10,1
AAA,2013J,401869,546671,oucontent,,,-10,2
AAA,2013J,401869,546670,oucontent,,,-10,1
AAA,2013J,401869,546668,oucontent,,,-10,1
AAA,2013J,401869,546662,oucontent,,,-10,4
AAA,2013J,401869,546667,oucontent,,,-10,3
AAA,2013J,401869,546681,oucontent,1,1,-9,5
AAA,2013J,401869,546719,oucontent,1,1,-9,5
AAA,2013J,401869,546667,oucontent,,,-9,3
AAA,2013J,401869,546662,oucontent,,,-9,2
AAA,2013J,401869,546662,oucontent,,,-6,9
AAA,2013J,401869,546740,oucontent,,,-6,1
AAA,2013J,401869,546719,oucontent,1,1,-4,2
AAA,2013J,401869,546681,oucontent,1,1,-4,4
AAA,2013J,401869,546719,oucontent,1,1,2,1
AAA,2013J,401869,546681,oucontent,1,1,2,4
AAA,2013J,401869,546662,oucontent,,,2,1
AAA,2013J,401869,546662,oucontent,,,3,1
AAA,2013J,401869,546667,oucontent,,,3,3
AAA,2013J,401869,546667,oucontent,,,10,3
AAA,2013J,401869,546732,oucontent,2,2,10,2
AAA,2013J,401869,546732,oucontent,2,2,11,2
AAA,2013J,401869,546732,oucontent,2,2,12,3
AAA,2013J,401869,546681,oucontent,1,1,15,10
AAA,2013J,401869,546732,oucontent,2,2,15,11
AAA,2013J,401869,546714,oucontent,,,16,1
AAA,2013J,401869,546700,oucontent,,,16,1
AAA,2013J,401869,546669,oucontent,,,16,8
AAA,2013J,401869,546731,oucontent,,,17,9
AAA,2013J,401869,546669,oucontent,,,17,21
AAA,2013J,401869,546667,oucontent,,,18,7
AAA,2013J,401869,546731,oucontent,,,18,7
AAA,2013J,401869,546732,oucontent,2,2,19,10
AAA,2013J,401869,546731,oucontent,,,19,1
AAA,2013J,401869,546662,oucontent,,,19,1
AAA,2013J,401869,546669,oucontent,,,19,20
AAA,2013J,401869,546684,oucontent,,,20,2
AAA,2013J,401869,546684,oucontent,,,31,6
AAA,2013J,401869,546684,oucontent,,,32,1
AAA,2013J,401869,546723,oucontent,,,33,6
AAA,2013J,401869,546684,oucontent,,,33,21
AAA,2013J,401869,546662,oucontent,,,33,2
AAA,2013J,401869,546733,oucontent,,,33,1
AAA,2013J,401869,546733,oucontent,,,35,4
AAA,2013J,401869,546733,oucontent,,,36,3
AAA,2013J,401869,546723,oucontent,,,36,1
AAA,2013J,401869,546733,oucontent,,,38,1
AAA,2013J,401869,546734,oucontent,,,38,4
AAA,2013J,401869,546734,oucontent,,,39,5
AAA,2013J,401869,546734,oucontent,,,47,1
AAA,2013J,401869,546719,oucontent,1,1,47,1
AAA,2013J,401869,546681,oucontent,1,1,47,3
AAA,2013J,401869,546681,oucontent,1,1,49,2
AAA,2013J,401869,546719,oucontent,1,1,49,6
AAA,2013J,401869,546719,oucontent,1,1,50,2
AAA,2013J,401869,546681,oucontent,1,1,53,2
AAA,2013J,401869,546719,oucontent,1,1,53,3
AAA,2013J,401869,546702,oucontent,,,88,8
AAA,2013J,401869,546737,oucontent,,,92,2
AAA,2013J,401869,546737,oucontent,,,93,1
AAA,2013J,401869,546737,oucontent,,,94,3
AAA,2013J,401869,546737,oucontent,,,97,1
AAA,2013J,401869,546696,oucontent,,,99,4
AAA,2013J,401869,546696,oucontent,,,101,1
AAA,2013J,401869,546696,oucontent,,,103,3
AAA,2013J,401869,546680,oucontent,,,105,6
AAA,2013J,401869,546687,oucontent,,,105,3
AAA,2013J,401869,546687,oucontent,,,111,4
AAA,2013J,401869,546687,oucontent,,,112,1
AAA,2013J,401869,546687,oucontent,,,113,6
AAA,2013J,401869,546687,oucontent,,,114,4
AAA,2013J,401869,546686,oucontent,,,117,2
AAA,2013J,401869,546686,oucontent,,,121,1
AAA,2013J,401869,546687,oucontent,,,123,4
AAA,2013J,401869,546680,oucontent,,,124,5
AAA,2013J,401869,546726,oucontent,,,124,1
AAA,2013J,401869,546696,oucontent,,,125,14
AAA,2013J,401869,546692,oucontent,,,135,14
AAA,2013J,401869,546686,oucontent,,,135,12
AAA,2013J,401869,546691,oucontent,,,170,3
AAA,2013J,401869,546699,oucontent,,,170,3
AAA,2013J,401869,546691,oucontent,,,170,1
AAA,2013J,401869,546693,oucontent,,,171,2
AAA,2013J,401869,546699,oucontent,,,171,3
AAA,2013J,401869,546690,oucontent,,,171,2
AAA,2013J,401869,546699,oucontent,,,172,2
AAA,2013J,401869,546699,oucontent,,,173,2
AAA,2013J,401869,546728,oucontent,,,173,2
AAA,2013J,401869,546690,oucontent,,,173,3
AAA,2013J,401869,546693,oucontent,,,173,2
AAA,2013J,401869,546723,oucontent,,,208,4
AAA,2013J,401869,546682,oucontent,,,208,2
AAA,2013J,401869,546687,oucontent,,,215,3
AAA,2013J,401869,546682,oucontent,,,215,1
AAA,2013J,401869,546662,oucontent,,,215,2
AAA,2013J,401869,546692,oucontent,,,222,4
AAA,2013J,401869,546732,oucontent,2,2,241,2
AAA,2013J,401869,546732,oucontent,2,2,241,1
AAA,2013J,401869,546948,resource,,,-6,1
AAA,2013J,401869,546911,resource,,,-6,1
AAA,2013J,401869,546948,resource,,,16,2
AAA,2013J,401869,547013,resource,,,16,2
AAA,2013J,401869,546948,resource,,,38,1
AAA,2013J,401869,547017,resource,,,97,1
AAA,2013J,401869,546966,resource,,,208,1
AAA,2013J,401869,547037,resource,,,215,1
AAA,2013J,401869,546954,resource,,,215,1
AAA,2013J,401869,547017,resource,,,222,1
AAA,2013J,401869,546968,resource,,,222,1
AAA,2013J,401869,546966,resource,,,222,1
AAA,2013J,401869,546966,resource,,,228,1
AAA,2013J,401869,546966,resource,,,236,1
AAA,2013J,401869,547017,resource,,,240,1
AAA,2013J,401869,547017,resource,,,242,1
AAA,2013J,401869,546954,resource,,,242,1
AAA,2013J,401869,546879,subpage,,,-10,7
AAA,2013J,401869,546871,subpage,,,-9,1
AAA,2013J,401869,546879,subpage,,,-9,1
AAA,2013J,401869,546879,subpage,,,-6,1
AAA,2013J,401869,546871,subpage,,,-6,2
AAA,2013J,401869,546873,subpage,,,-6,1
AAA,2013J,401869,546876,subpage,,,2,4
AAA,2013J,401869,546876,subpage,,,3,1
AAA,2013J,401869,546879,subpage,,,3,1
AAA,2013J,401869,546876,subpage,,,5,2
AAA,2013J,401869,546876,subpage,,,10,3
AAA,2013J,401869,546879,subpage,,,10,1
AAA,2013J,401869,546876,subpage,,,11,1
AAA,2013J,401869,546876,subpage,,,15,6
AAA,2013J,401869,546871,subpage,,,15,3
AAA,2013J,401869,546879,subpage,,,16,6
AAA,2013J,401869,546871,subpage,,,16,2
AAA,2013J,401869,546876,subpage,,,17,4
AAA,2013J,401869,546879,subpage,,,17,3
AAA,2013J,401869,546879,subpage,,,18,3
AAA,2013J,401869,546876,subpage,,,18,1
AAA,2013J,401869,546871,subpage,,,19,2
AAA,2013J,401869,546876,subpage,,,19,1
AAA,2013J,401869,546879,subpage,,,19,2
AAA,2013J,401869,546876,subpage,,,31,6
AAA,2013J,401869,546876,subpage,,,32,1
AAA,2013J,401869,546876,subpage,,,33,2
AAA,2013J,401869,546871,subpage,,,38,1
AAA,2013J,401869,546874,subpage,,,38,1
AAA,2013J,401869,546876,subpage,,,38,1
AAA,2013J,401869,546879,subpage,,,97,1
AAA,2013J,401869,546876,subpage,,,124,1
AAA,2013J,401869,546879,subpage,,,208,1
AAA,2013J,401869,546871,subpage,,,208,1
AAA,2013J,401869,546871,subpage,,,215,3
AAA,2013J,401869,546871,subpage,,,222,1
AAA,2013J,401869,546879,subpage,,,222,1
AAA,2013J,401869,546871,subpage,,,228,1
AAA,2013J,401869,546879,subpage,,,228,1
AAA,2013J,401869,546879,subpage,,,236,1
AAA,2013J,401869,546879,subpage,,,240,1
AAA,2013J,401869,546879,subpage,,,242,1
AAA,2013J,401869,546871,subpage,,,242,2
AAA,2013J,401869,546871,subpage,,,244,1
AAA,2013J,401869,546879,subpage,,,244,1
AAA,2013J,401869,546900,url,,,-6,1
AAA,2013J,401869,546883,url,,,2,1
AAA,2013J,401869,546888,url,,,2,2
AAA,2013J,401869,546883,url,,,3,1
AAA,2013J,401869,546883,url,,,5,2
AAA,2013J,401869,546883,url,,,10,3
AAA,2013J,401869,546883,url,,,11,1
AAA,2013J,401869,546883,url,,,15,5
AAA,2013J,401869,546883,url,,,17,4
AAA,2013J,401869,546883,url,,,18,1
AAA,2013J,401869,546900,url,,,19,1
AAA,2013J,401869,546883,url,,,19,1
AAA,2013J,401869,546883,url,,,31,6
AAA,2013J,401869,546883,url,,,32,1
AAA,2013J,401869,546883,url,,,33,2
AAA,2013J,401869,546883,url,,,124,1
CCC,2014B,28418,729671,page,,,-5,1
CCC,2014B,28418,730035,page,,,4,2
CCC,2014B,28418,730016,page,,,4,1
CCC,2014B,28418,730050,page,,,4,1
CCC,2014B,28418,729671,page,,,4,9
CCC,2014B,28418,730023,page,,,4,1
CCC,2014B,28418,730068,page,,,4,1
CCC,2014B,28418,729787,page,,,4,1
CCC,2014B,28418,730007,page,,,4,1
CCC,2014B,28418,730069,page,,,4,2
CCC,2014B,28418,730054,page,,,11,1
CCC,2014B,28418,729797,page,,,11,1
CCC,2014B,28418,730022,page,,,11,1
CCC,2014B,28418,730019,page,,,11,2
CCC,2014B,28418,730018,page,,,11,2
CCC,2014B,28418,730017,page,,,11,1
CCC,2014B,28418,730012,page,,,11,2
CCC,2014B,28418,730042,page,,,11,1
CCC,2014B,28418,729789,page,,,11,1
CCC,2014B,28418,729789,page,,,11,3
CCC,2014B,28418,729787,page,,,11,1
CCC,2014B,28418,730015,page,,,11,3
CCC,2014B,28418,729789,page,,,11,2
CCC,2014B,28418,730006,page,,,11,1
CCC,2014B,28418,730052,page,,,11,1
CCC,2014B,28418,730050,page,,,11,1
CCC,2014B,28418,730068,page,,,11,1
CCC,2014B,28418,729671,page,,,11,9
CCC,2014B,28418,730069,page,,,11,1
CCC,2014B,28418,730016,page,,,11,2
CCC,2014B,28418,730014,page,,,11,3
CCC,2014B,28418,730007,page,,,11,5
CCC,2014B,28418,730035,page,,,11,5
CCC,2014B,28418,730024,page,,,11,1
CCC,2014B,28418,730132,page,,,11,1
CCC,2014B,28418,729671,page,,,14,1
CCC,2014B,28418,730069,page,,,14,1
CCC,2014B,28418,730035,page,,,15,1
CCC,2014B,28418,730069,page,,,15,1
CCC,2014B,28418,729671,page,,,15,3
CCC,2014B,28418,730035,page,,,18,3
CCC,2014B,28418,729671,page,,,18,7
CCC,2014B,28418,730050,page,,,18,1
CCC,2014B,28418,729787,page,,,18,3
CCC,2014B,28418,729787,page,,,18,2
CCC,2014B,28418,729797,page,,,18,1
CCC,2014B,28418,729787,page,,,18,1
CCC,2014B,28418,729787,page,,,18,27
CCC,2014B,28418,730012,page,,,18,4
CCC,2014B,28418,729787,page,,,18,1
CCC,2014B,28418,729787,page,,,18,3
CCC,2014B,28418,730068,page,,,25,1
CCC,2014B,28418,729671,page,,,25,1
CCC,2014B,28418,730035,page,,,25,1
CCC,2014B,28418,729789,page,,,28,1
CCC,2014B,28418,730015,page,,,28,2
CCC,2014B,28418,729797,page,,,28,1
CCC,2014B,28418,730070,page,,,28,1
CCC,2014B,28418,730016,page,,,28,1
CCC,2014B,28418,730068,page,,,28,1
CCC,2014B,28418,730019,page,,,28,1
CCC,2014B,28418,730022,page,,,28,1
CCC,2014B,28418,730007,page,,,28,4
CCC,2014B,28418,730010,page,,,28,2
CCC,2014B,28418,730035,page,,,28,2
CCC,2014B,28418,729671,page,,,28,4
CCC,2014B,28418,730068,page,,,33,1
CCC,2014B,28418,729671,page,,,33,1
CCC,2014B,28418,730035,page,,,33,1
CCC,2014B,28418,729671,page,,,39,1
CCC,2014B,28418,729671,page,,,46,1
CCC,2014B,28418,729671,page,,,57,3
CCC,2014B,28418,729683,page,,,57,1
CCC,2014B,28418,730076,page,,,64,2
CCC,2014B,28418,729671,page,,,64,3
CCC,2014B,28418,730035,page,,,65,1
CCC,2014B,28418,730039,page,,,65,1
CCC,2014B,28418,730042,page,,,65,1
CCC,2014B,28418,730007,page,,,65,1
CCC,2014B,28418,729779,page,,,65,1
CCC,2014B,28418,729779,page,,,65,24
CCC,2014B,28418,729779,page,,,65,1
CCC,2014B,28418,730075,page,,,65,4
CCC,2014B,28418,730016,page,,,65,1
CCC,2014B,28418,729671,page,,,65,2
CCC,2014B,28418,729779,page,,,67,1
CCC,2014B,28418,729779,page,,,67,1
CCC,2014B,28418,729779,page,,,67,1
CCC,2014B,28418,729779,page,,,67,9
CCC,2014B,28418,730035,page,,,67,1
CCC,2014B,28418,729779,page,,,67,1
CCC,2014B,28418,729671,page,,,67,2
CCC,2014B,28418,730087,page,,,99,1
CCC,2014B,28418,730016,page,,,99,1
CCC,2014B,28418,729671,page,,,99,1
CCC,2014B,28418,730007,page,,,99,1
CCC,2014B,28418,729671,page,,,136,1
CCC,2014B,28418,730035,page,,,136,1
CCC,2014B,28418,729788,page,,,136,1
CCC,2014B,28418,729788,page,,,136,1
CCC,2014B,28418,729788,page,,,136,4
CCC,2014B,28418,729671,page,,,137,8
CCC,2014B,28418,730113,page,,,137,4
CCC,2014B,28418,730087,page,,,137,3
CCC,2014B,28418,730035,page,,,137,6
CCC,2014B,28418,730007,page,,,137,2
CCC,2014B,28418,729788,page,,,137,4
CCC,2014B,28418,729779,page,,,137,1
CCC,2014B,28418,730115,page,,,137,5
CCC,2014B,28418,729788,page,,,137,37
CCC,2014B,28418,730016,page,,,137,2
CCC,2014B,28418,730116,page,,,140,1
CCC,2014B,28418,729671,page,,,140,1
CCC,2014B,28418,730035,page,,,140,1
CCC,2014B,28418,729671,page,,,141,6
CCC,2014B,28418,730035,page,,,141,1
CCC,2014B,28418,730040,page,,,141,1
CCC,2014B,28418,730116,page,,,141,1
CCC,2014B,28418,730113,page,,,141,1
CCC,2014B,28418,730102,page,,,141,1
CCC,2014B,28418,730016,page,,,141,2
CCC,2014B,28418,730007,page,,,141,2
CCC,2014B,28418,730115,page,,,141,1
CCC,2014B,28418,729671,page,,,165,1
CCC,2014B,28418,729671,page,,,172,1
DDD,2013B,103904,547814,url,,,-16,1
DDD,2013B,103904,547303,url,,,-16,6
DDD,2013B,103904,547493,url,,,-16,1
DDD,2013B,103904,547836,url,,,-16,1
DDD,2013B,103904,547918,url,,,-16,1
DDD,2013B,103904,547654,url,,,-14,2
DDD,2013B,103904,547838,url,,,-14,1
DDD,2013B,103904,547850,url,,,-14,2
DDD,2013B,103904,547836,url,,,-14,1
DDD,2013B,103904,547951,url,,,-14,1
DDD,2013B,103904,547867,url,,,-14,1
DDD,2013B,103904,547303,url,,,-14,3
DDD,2013B,103904,547900,url,,,-14,1
DDD,2013B,103904,547937,url,,,-14,1
DDD,2013B,103904,547918,url,,,-14,1
DDD,2013B,103904,547945,url,,,-14,1
DDD,2013B,103904,547303,url,,,-6,5
DDD,2013B,103904,547918,url,,,-6,1
DDD,2013B,103904,547838,url,,,-6,1
DDD,2013B,103904,547836,url,,,-6,1
DDD,2013B,103904,547654,url,,,-6,1
DDD,2013B,103904,547949,url,,,-5,1
DDD,2013B,103904,547946,url,,,-5,2
DDD,2013B,103904,547937,url,,,-5,1
DDD,2013B,103904,547272,url,,,-5,3
DDD,2013B,103904,547303,url,,,-5,5
DDD,2013B,103904,547918,url,,,-5,1
DDD,2013B,103904,547945,url,,,-5,1
DDD,2013B,103904,547640,url,,,-5,2
DDD,2013B,103904,547838,url,,,-5,1
DDD,2013B,103904,547910,url,,,-5,1
DDD,2013B,103904,547966,url,,,-5,1
DDD,2013B,103904,547867,url,,,-5,1
DDD,2013B,103904,547272,url,,,-5,1
DDD,2013B,103904,547632,url,,,-5,2
DDD,2013B,103904,547850,url,,,-5,1
DDD,2013B,103904,547918,url,,,-4,1
DDD,2013B,103904,547872,url,,,-4,1
DDD,2013B,103904,547850,url,,,-4,2
DDD,2013B,103904,547875,url,,,-4,1
DDD,2013B,103904,547947,url,,,-4,1
DDD,2013B,103904,547548,url,,,-4,4
DDD,2013B,103904,547673,url,,,-4,1
DDD,2013B,103904,547945,url,,,-4,1
DDD,2013B,103904,547303,url,,,-4,3
DDD,2013B,103904,547937,url,,,-4,1
DDD,2013B,103904,547678,url,,,-4,3
DDD,2013B,103904,547844,url,,,-3,1
DDD,2013B,103904,547832,url,,,-3,1
DDD,2013B,103904,547928,url,,,-3,1
DDD,2013B,103904,547303,url,,,-3,4
DDD,2013B,103904,547656,url,,,-3,1
DDD,2013B,103904,547816,url,,,-3,1
DDD,2013B,103904,547864,url,,,-3,1
DDD,2013B,103904,547660,url,,,-3,1
DDD,2013B,103904,547872,url,,,-3,1
DDD,2013B,103904,547673,url,,,-2,1
DDD,2013B,103904,547875,url,,,-2,1
DDD,2013B,103904,547303,url,,,-2,1
DDD,2013B,103904,547937,url,,,-2,1
DDD,2013B,103904,547272,url,,,-1,2
DDD,2013B,103904,547966,url,,,-1,1
DDD,2013B,103904,547303,url,,,-1,7
DDD,2013B,103904,547272,url,,,-1,1
DDD,2013B,103904,547272,url,,,2,2
DDD,2013B,103904,547272,url,,,2,1
DDD,2013B,103904,547828,url,,,2,1
DDD,2013B,103904,547858,url,,,2,1
DDD,2013B,103904,547303,url,,,2,6
DDD,2013B,103904,547662,url,,,2,1
DDD,2013B,103904,547769,url,,,2,1
DDD,2013B,103904,547837,url,,,2,1
DDD,2013B,103904,547844,url,,,2,1
DDD,2013B,103904,547864,url,,,2,5
DDD,2013B,103904,547873,url,,,2,1
DDD,2013B,103904,547809,url,,,2,3
DDD,2013B,103904,547868,url,,,3,1
DDD,2013B,103904,547930,url,,,3,2
DDD,2013B,103904,547303,url,,,3,6
DDD,2013B,103904,547274,url,,,3,1
DDD,2013B,103904,547562,url,,,3,1
DDD,2013B,103904,547548,url,,,3,1
DDD,2013B,103904,547274,url,,,3,1
DDD,2013B,103904,547817,url,,,3,1
DDD,2013B,103904,547309,url,,,3,1
DDD,2013B,103904,547890,url,,,6,1
DDD,2013B,103904,547823,url,,,6,1
DDD,2013B,103904,547303,url,,,6,2
DDD,2013B,103904,547272,url,,,6,2
DDD,2013B,103904,547757,url,,,6,2
DDD,2013B,103904,547272,url,,,6,1
DDD,2013B,103904,547303,url,,,7,2
DDD,2013B,103904,547833,url,,,7,1
DDD,2013B,103904,547882,url,,,7,1
DDD,2013B,103904,547778,url,,,7,1
DDD,2013B,103904,547303,url,,,8,3
DDD,2013B,103904,547272,url,,,8,11
DDD,2013B,103904,547272,url,,,8,11
DDD,2013B,103904,547272,url,,,10,3
DDD,2013B,103904,547274,url,,,10,2
DDD,2013B,103904,547274,url,,,10,3
DDD,2013B,103904,547303,url,,,10,4
DDD,2013B,103904,547953,url,,,10,1
DDD,2013B,103904,547272,url,,,10,2
DDD,2013B,103904,547272,url,,,11,3
DDD,2013B,103904,547730,url,,,11,1
DDD,2013B,103904,547959,url,,,11,1
DDD,2013B,103904,547630,url,,,11,1
DDD,2013B,103904,547947,url,,,11,1
DDD,2013B,103904,547726,url,,,11,1
DDD,2013B,103904,547716,url,,,11,2
DDD,2013B,103904,547699,url,,,11,1
DDD,2013B,103904,547303,url,,,11,2
DDD,2013B,103904,547272,url,,,11,4
DDD,2013B,103904,547303,url,,,13,2
DDD,2013B,103904,547272,url,,,13,3
DDD,2013B,103904,547272,url,,,13,3
DDD,2013B,103904,547747,url,,,13,1
DDD,2013B,103904,547620,url,,,14,2
DDD,2013B,103904,547700,url,,,14,2
DDD,2013B,103904,547681,url,,,14,1
DDD,2013B,103904,547587,url,,,14,1
DDD,2013B,103904,547589,url,,,14,1
DDD,2013B,103904,547303,url,,,14,3
DDD,2013B,103904,547546,url,,,14,3
DDD,2013B,103904,547272,url,,,25,1
DDD,2013B,103904,547303,url,,,25,2
DDD,2013B,103904,547953,url,,,26,1
DDD,2013B,103904,547307,url,,,26,1
DDD,2013B,103904,547303,url,,,26,1
DDD,2013B,103904,547274,url,,,27,1
DDD,2013B,103904,547272,url,,,27,3
DDD,2013B,103904,547274,url,,,27,1
DDD,2013B,103904,547303,url,,,27,2
DDD,2013B,103904,547272,url,,,27,2
DDD,2013B,103904,547274,url,,,30,2
DDD,2013B,103904,547274,url,,,30,1
DDD,2013B,103904,547303,url,,,30,1
DDD,2013B,103904,547272,url,,,35,2
DDD,2013B,103904,547303,url,,,35,1
DDD,2013B,103904,547272,url,,,35,2
DDD,2013B,103904,547731,url,,,38,1
DDD,2013B,103904,547642,url,,,38,1
DDD,2013B,103904,547953,url,,,38,2
DDD,2013B,103904,547303,url,,,38,3
DDD,2013B,103904,547591,url,,,38,2
DDD,2013B,103904,547633,url,,,38,1
DDD,2013B,103904,547307,url,,,38,1
DDD,2013B,103904,547866,url,,,38,2
DDD,2013B,103904,547855,url,,,38,1
DDD,2013B,103904,547658,url,,,38,1
DDD,2013B,103904,547946,url,,,38,1
DDD,2013B,103904,547937,url,,,38,3
DDD,2013B,103904,547859,url,,,38,1
DDD,2013B,103904,547745,url,,,47,1
DDD,2013B,103904,547272,url,,,47,3
DDD,2013B,103904,547274,url,,,47,1
DDD,2013B,103904,547272,url,,,47,2
DDD,2013B,103904,547675,url,,,47,1
DDD,2013B,103904,547746,url,,,47,1
DDD,2013B,103904,547713,url,,,47,1
DDD,2013B,103904,547690,url,,,47,1
DDD,2013B,103904,547709,url,,,47,1
DDD,2013B,103904,547679,url,,,47,1
DDD,2013B,103904,547307,url,,,47,1
DDD,2013B,103904,547547,url,,,47,4
DDD,2013B,103904,547274,url,,,47,3
DDD,2013B,103904,547697,url,,,47,1
DDD,2013B,103904,547303,url,,,47,9
DDD,2013B,103904,547953,url,,,47,1
DDD,2013B,103904,547748,url,,,47,1
DDD,2013B,103904,547547,url,,,47,1
DDD,2013B,103904,547303,url,,,48,3
DDD,2013B,103904,547857,url,,,49,2
DDD,2013B,103904,547855,url,,,49,2
DDD,2013B,103904,547854,url,,,49,2
DDD,2013B,103904,547859,url,,,49,1
DDD,2013B,103904,547956,url,,,49,2
DDD,2013B,103904,547701,url,,,49,2
DDD,2013B,103904,547680,url,,,49,2
DDD,2013B,103904,547591,url,,,49,2
DDD,2013B,103904,547937,url,,,49,2
DDD,2013B,103904,547605,url,,,49,2
DDD,2013B,103904,547867,url,,,49,2
DDD,2013B,103904,547875,url,,,49,2
DDD,2013B,103904,547640,url,,,49,1
DDD,2013B,103904,547642,url,,,49,2
DDD,2013B,103904,547303,url,,,49,3
DDD,2013B,103904,547633,url,,,49,2
DDD,2013B,103904,547866,url,,,49,2
DDD,2013B,103904,547673,url,,,49,2
DDD,2013B,103904,547900,url,,,49,1
DDD,2013B,103904,547305,url,,,53,1
DDD,2013B,103904,547303,url,,,53,2
DDD,2013B,103904,547954,url,,,53,1
DDD,2013B,103904,547929,url,,,53,1
DDD,2013B,103904,547852,url,,,57,2
DDD,2013B,103904,547912,url,,,57,2
DDD,2013B,103904,547895,url,,,57,17
DDD,2013B,103904,547937,url,,,57,2
DDD,2013B,103904,547945,url,,,57,2
DDD,2013B,103904,547305,url,,,57,2
DDD,2013B,103904,547946,url,,,57,17
DDD,2013B,103904,547947,url,,,57,4
DDD,2013B,103904,547866,url,,,57,2
DDD,2013B,103904,547591,url,,,57,2
DDD,2013B,103904,547953,url,,,57,1
DDD,2013B,103904,547774,url,,,57,16
DDD,2013B,103904,547954,url,,,57,1
DDD,2013B,103904,547303,url,,,57,40
DDD,2013B,103904,547958,url,,,57,2
DDD,2013B,103904,547307,url,,,57,2
DDD,2013B,103904,547305,url,,,63,1
DDD,2013B,103904,547303,url,,,63,4
DDD,2013B,103904,547954,url,,,63,1
DDD,2013B,103904,547303,url,,,68,1
DDD,2013B,103904,547272,url,,,72,8
DDD,2013B,103904,547303,url,,,72,4
DDD,2013B,103904,547272,url,,,72,7
DDD,2013B,103904,547274,url,,,72,3
DDD,2013B,103904,547274,url,,,72,2
DDD,2013B,103904,547272,url,,,73,4
DDD,2013B,103904,547274,url,,,73,11
DDD,2013B,103904,547270,url,,,73,5
DDD,2013B,103904,547270,url,,,73,7
DDD,2013B,103904,547303,url,,,73,5
DDD,2013B,103904,547272,url,,,73,8
DDD,2013B,103904,547274,url,,,73,4
DDD,2013B,103904,547305,url,,,75,1
DDD,2013B,103904,547303,url,,,75,12
DDD,2013B,103904,547947,url,,,75,2
DDD,2013B,103904,547954,url,,,75,2
DDD,2013B,103904,547958,url,,,75,1
DDD,2013B,103904,547658,url,,,76,1
DDD,2013B,103904,547274,url,,,76,2
DDD,2013B,103904,547274,url,,,76,1
DDD,2013B,103904,547272,url,,,76,1
DDD,2013B,103904,547303,url,,,76,4
DDD,2013B,103904,547272,url,,,76,2
DDD,2013B,103904,547274,url,,,77,2
DDD,2013B,103904,547274,url,,,77,4
DDD,2013B,103904,547303,url,,,77,4
DDD,2013B,103904,547303,url,,,79,13
DDD,2013B,103904,547270,url,,,79,4
DDD,2013B,103904,547274,url,,,79,4
DDD,2013B,103904,547274,url,,,79,6
DDD,2013B,103904,547274,url,,,81,2
DDD,2013B,103904,547927,url,,,81,2
DDD,2013B,103904,547274,url,,,81,5
DDD,2013B,103904,547945,url,,,81,2
DDD,2013B,103904,547303,url,,,81,6
DDD,2013B,103904,547593,url,,,81,3
DDD,2013B,103904,547911,url,,,81,2
DDD,2013B,103904,547940,url,,,81,2
DDD,2013B,103904,547924,url,,,81,2
DDD,2013B,103904,547814,url,,,81,2
DDD,2013B,103904,547945,url,,,85,1
DDD,2013B,103904,547947,url,,,85,2
DDD,2013B,103904,547274,url,,,85,1
DDD,2013B,103904,547958,url,,,85,1
DDD,2013B,103904,547274,url,,,85,1
DDD,2013B,103904,547542,url,,,85,6
DDD,2013B,103904,547903,url,,,85,2
DDD,2013B,103904,547929,url,,,85,1
DDD,2013B,103904,547960,url,,,85,1
DDD,2013B,103904,547303,url,,,85,5
DDD,2013B,103904,547304,url,,,85,1
DDD,2013B,103904,547272,url,,,86,5
DDD,2013B,103904,547303,url,,,86,3
DDD,2013B,103904,547274,url,,,86,1
DDD,2013B,103904,547272,url,,,86,2
DDD,2013B,103904,547270,url,,,86,1
DDD,2013B,103904,547272,url,,,94,2
DDD,2013B,103904,547274,url,,,94,1
DDD,2013B,103904,547303,url,,,94,4
DDD,2013B,103904,547272,url,,,94,4
DDD,2013B,103904,547274,url,,,94,2
DDD,2013B,103904,547968,url,,,96,1
DDD,2013B,103904,547303,url,,,96,14
DDD,2013B,103904,547274,url,,,96,2
DDD,2013B,103904,547735,url,,,96,1
DDD,2013B,103904,547968,url,,,96,1
DDD,2013B,103904,547272,url,,,96,1
DDD,2013B,103904,547272,url,,,96,6
DDD,2013B,103904,547929,url,,,96,1
DDD,2013B,103904,547952,url,,,96,2
DDD,2013B,103904,547270,url,,,96,2
DDD,2013B,103904,547304,url,,,96,1
DDD,2013B,103904,547274,url,,,96,2
DDD,2013B,103904,547846,url,,,96,1
DDD,2013B,103904,547665,url,,,97,1
DDD,2013B,103904,547744,url,,,97,1
DDD,2013B,103904,547747,url,,,97,1
DDD,2013B,103904,547303,url,,,97,3
DDD,2013B,103904,547946,url,,,97,1
DDD,2013B,103904,547862,url,,,97,2
DDD,2013B,103904,547274,url,,,98,2
DDD,2013B,103904,547303,url,,,98,3
DDD,2013B,103904,547731,url,,,98,1
DDD,2013B,103904,547274,url,,,98,1
DDD,2013B,103904,547303,url,,,99,4
DDD,2013B,103904,547272,url,,,103,5
DDD,2013B,103904,547274,url,,,103,3
DDD,2013B,103904,547303,url,,,103,13
DDD,2013B,103904,547272,url,,,103,5
DDD,2013B,103904,547274,url,,,103,12
DDD,2013B,103904,547274,url,,,105,1
DDD,2013B,103904,547274,url,,,105,1
DDD,2013B,103904,547303,url,,,105,1
DDD,2013B,103904,547936,url,,,106,2
DDD,2013B,103904,547270,url,,,106,2
DDD,2013B,103904,547270,url,,,106,1
DDD,2013B,103904,547829,url,,,106,3
DDD,2013B,103904,547963,url,,,106,1
DDD,2013B,103904,547631,url,,,106,1
DDD,2013B,103904,547644,url,,,106,2
DDD,2013B,103904,547274,url,,,106,2
DDD,2013B,103904,547303,url,,,106,13
DDD,2013B,103904,547274,url,,,106,3
DDD,2013B,103904,547760,url,,,106,1
DDD,2013B,103904,547272,url,,,107,2
DDD,2013B,103904,547303,url,,,107,2
DDD,2013B,103904,547272,url,,,107,2
DDD,2013B,103904,547274,url,,,107,2
DDD,2013B,103904,547274,url,,,107,1
